<?xml version="1.0" ?>
<aws:TrafficHistoryResponse xmlns:aws="http://awis.amazonaws.com/doc/2005-10-05">
  <aws:Response xmlns:aws="http://awis.amazonaws.com/doc/2005-07-11">
    <aws:OperationRequest>
      <aws:RequestId>156fb508-6843-11e8-a151-5bb01c793dbe</aws:RequestId>
    </aws:OperationRequest>
    <aws:TrafficHistoryResult>
      <aws:Alexa>
        <aws:Request>
          <aws:Arguments>
            <aws:Argument>
              <aws:Name>range</aws:Name>
              <aws:Value>1455</aws:Value>
            </aws:Argument>
            <aws:Argument>
              <aws:Name>url</aws:Name>
              <aws:Value>http://ourshareofcrazy.com</aws:Value>
            </aws:Argument>
            <aws:Argument>
              <aws:Name>responsegroup</aws:Name>
              <aws:Value>History</aws:Value>
            </aws:Argument>
          </aws:Arguments>
        </aws:Request>
        <aws:TrafficHistory>
          <aws:Range>1455</aws:Range>
          <aws:Site>http://ourshareofcrazy.com</aws:Site>
          <aws:Start>2014-06-10</aws:Start>
          <aws:HistoricalData>
            <aws:Data>
              <aws:Date>2014-07-01</aws:Date>
              <aws:PageViews>
                <aws:PerMillion>0.05</aws:PerMillion>
                <aws:PerUser/>
              </aws:PageViews>
              <aws:Rank>653052</aws:Rank>
              <aws:Reach>
                <aws:PerMillion/>
              </aws:Reach>
            </aws:Data>
            <aws:Data>
              <aws:Date>2014-07-10</aws:Date>
              <aws:PageViews>
                <aws:PerMillion>0.05</aws:PerMillion>
                <aws:PerUser/>
              </aws:PageViews>
              <aws:Rank>672426</aws:Rank>
              <aws:Reach>
                <aws:PerMillion/>
              </aws:Reach>
            </aws:Data>
            <aws:Data>
              <aws:Date>2014-07-24</aws:Date>
              <aws:PageViews>
                <aws:PerMillion>0.05</aws:PerMillion>
                <aws:PerUser/>
              </aws:PageViews>
              <aws:Rank>606911</aws:Rank>
              <aws:Reach>
                <aws:PerMillion/>
              </aws:Reach>
            </aws:Data>
            <aws:Data>
              <aws:Date>2014-11-30</aws:Date>
              <aws:PageViews>
                <aws:PerMillion>0.04</aws:PerMillion>
                <aws:PerUser/>
              </aws:PageViews>
              <aws:Rank>528279</aws:Rank>
              <aws:Reach>
                <aws:PerMillion/>
              </aws:Reach>
            </aws:Data>
            <aws:Data>
              <aws:Date>2015-05-07</aws:Date>
              <aws:PageViews>
                <aws:PerMillion/>
                <aws:PerUser/>
              </aws:PageViews>
              <aws:Rank>827207</aws:Rank>
              <aws:Reach>
                <aws:PerMillion>3</aws:PerMillion>
              </aws:Reach>
            </aws:Data>
            <aws:Data>
              <aws:Date>2015-06-12</aws:Date>
              <aws:PageViews>
                <aws:PerMillion/>
                <aws:PerUser/>
              </aws:PageViews>
              <aws:Rank>643195</aws:Rank>
              <aws:Reach>
                <aws:PerMillion>2</aws:PerMillion>
              </aws:Reach>
            </aws:Data>
            <aws:Data>
              <aws:Date>2016-06-02</aws:Date>
              <aws:PageViews>
                <aws:PerMillion/>
                <aws:PerUser/>
              </aws:PageViews>
              <aws:Rank>2284201</aws:Rank>
              <aws:Reach>
                <aws:PerMillion/>
              </aws:Reach>
            </aws:Data>
            <aws:Data>
              <aws:Date>2017-01-10</aws:Date>
              <aws:PageViews>
                <aws:PerMillion/>
                <aws:PerUser/>
              </aws:PageViews>
              <aws:Rank>1964440</aws:Rank>
              <aws:Reach>
                <aws:PerMillion/>
              </aws:Reach>
            </aws:Data>
          </aws:HistoricalData>
        </aws:TrafficHistory>
      </aws:Alexa>
    </aws:TrafficHistoryResult>
    <aws:ResponseStatus xmlns:aws="http://alexa.amazonaws.com/doc/2005-10-05/">
      <aws:StatusCode>Success</aws:StatusCode>
    </aws:ResponseStatus>
  </aws:Response>
</aws:TrafficHistoryResponse>
